area,name,median_home_value,median_property_tax,principal_interest_mo,property_tax_mo,insurance_mo,piti_mo,income_needed,take_home_mo_at_that_income,payment_share_of_take_home_pct
AK,Alaska,376500,3976,2085,331,110,2527,108283,7084,35.7
AL,Alabama,233300,890,1292,74,68,1434,61477,4084,35.1
AR,Arkansas,215600,1113,1194,93,63,1350,57851,3893,34.7
AZ,Arizona,426000,1828,2360,152,124,2636,112981,7158,36.8
CA,California,759500,5369,4207,447,222,4876,208964,11469,42.5
CO,Colorado,574600,2828,3183,236,168,3586,153685,9132,39.3
CT,Connecticut,396900,6573,2198,548,116,2862,122655,7365,38.9
DC,District of Columbia,733400,4594,4062,383,214,4659,199675,11223,41.5
DE,Delaware,371600,1750,2058,146,108,2313,99108,6113,37.8
FL,Florida,396900,2993,2198,249,116,2564,109870,7177,35.7
GA,Georgia,343300,2554,1902,213,100,2215,94908,5968,37.1
HI,Hawaii,875900,2385,4852,199,255,5306,227394,12645,42.0
IA,Iowa,227300,2937,1259,245,66,1570,67289,4522,34.7
ID,Idaho,446400,1912,2473,159,130,2762,118378,7245,38.1
IL,Illinois,280700,5399,1555,450,82,2087,89426,5622,37.1
IN,Indiana,243500,1798,1349,150,71,1570,67269,4517,34.8
KS,Kansas,238700,2983,1322,249,70,1640,70302,4597,35.7
KY,Kentucky,226000,1611,1252,134,66,1452,62228,4177,34.8
LA,Louisiana,223200,1187,1236,99,65,1400,60014,4082,34.3
MA,Massachusetts,607400,6080,3364,507,177,4048,173496,10058,40.2
MD,Maryland,436300,4144,2417,345,127,2889,123826,7522,38.4
ME,Maine,341900,3103,1894,259,100,2252,96519,5990,37.6
MI,Michigan,254200,2988,1408,249,74,1731,74193,4844,35.7
MN,Minnesota,344600,3501,1909,292,101,2301,98615,6049,38.0
MO,Missouri,254400,2021,1409,168,74,1652,70789,4691,35.2
MS,Mississippi,186500,1221,1033,102,54,1189,50965,3485,34.1
MT,Montana,425400,2939,2356,245,124,2725,116799,7147,38.1
NC,North Carolina,333000,2044,1844,170,97,2112,90512,5784,36.5
ND,North Dakota,266100,2550,1474,212,78,1764,75602,5152,34.2
NE,Nebraska,263100,3739,1457,312,77,1846,79099,5146,35.9
NH,New Hampshire,458800,6707,2541,559,134,3234,138602,8833,36.6
NJ,New Jersey,496000,9358,2747,780,145,3672,157366,9178,40.0
NM,New Mexico,279900,1776,1550,148,82,1780,76286,5006,35.6
NV,Nevada,455500,2143,2523,179,133,2834,121477,7857,36.1
NY,New York,449800,6542,2491,545,131,3168,135764,8053,39.3
OH,Ohio,239800,2937,1328,245,70,1643,70412,4767,34.5
OK,Oklahoma,222100,1672,1230,139,65,1434,61471,4113,34.9
OR,Oregon,497500,3895,2756,325,145,3225,138230,7806,41.3
PA,Pennsylvania,277600,3214,1538,268,81,1886,80847,5264,35.8
RI,Rhode Island,455700,4886,2524,407,133,3064,131324,7936,38.6
SC,South Carolina,299500,1337,1659,111,87,1858,79616,5140,36.1
SD,South Dakota,289600,2940,1604,245,84,1934,82867,5594,34.6
TN,Tennessee,332600,1488,1842,124,97,2063,88427,5920,34.9
TX,Texas,313200,4108,1735,342,91,2169,92936,6184,35.1
UT,Utah,545200,2648,3020,221,159,3400,145696,8697,39.1
VA,Virginia,403500,2872,2235,239,118,2592,111087,6784,38.2
VT,Vermont,352800,5026,1954,419,103,2476,106110,6578,37.6
WA,Washington,602200,4729,3336,394,176,3905,167371,10279,38.0
WI,Wisconsin,294700,3680,1632,307,86,2025,86785,5520,36.7
WV,West Virginia,170800,881,946,73,50,1069,45827,3144,34.0
WY,Wyoming,339500,1947,1881,162,99,2142,91790,6117,35.0
new-york-city,"New York City, NY",778600,6669,4313,556,227,5096,218380,11842,43.0
los-angeles,"Los Angeles, CA",947900,6146,5250,512,276,6039,258818,13815,43.7
chicago,"Chicago, IL",341200,5152,1890,429,100,2419,103662,6397,37.8
houston,"Houston, TX",301200,4308,1668,359,88,2115,90652,6050,35.0
phoenix,"Phoenix, AZ",454900,1816,2520,151,133,2804,120159,7563,37.1
philadelphia,"Philadelphia, PA",253600,2100,1405,175,74,1654,70871,4484,36.9
san-antonio,"San Antonio, TX",260900,4026,1445,336,76,1857,79574,5401,34.4
san-diego,"San Diego, CA",980700,6111,5432,509,286,6227,266890,14185,43.9
dallas,"Dallas, TX",340400,4943,1885,412,99,2397,102715,6758,35.5
san-jose,"San Jose, CA",1271200,9495,7041,791,371,8203,351568,17872,45.9
austin,"Austin, TX",571000,7468,3163,622,167,3952,169357,10585,37.3
jacksonville,"Jacksonville, FL",325300,2497,1802,208,95,2105,90206,6024,34.9
san-francisco,"San Francisco, CA",1314700,10001,7282,833,383,8499,364245,18422,46.1
columbus,"Columbus, OH",279900,3559,1550,297,82,1929,82654,5284,36.5
charlotte,"Charlotte, NC",431900,2975,2392,248,126,2766,118551,7334,37.7
indianapolis,"Indianapolis, IN",241500,2248,1338,187,70,1595,68376,4464,35.7
seattle,"Seattle, WA",950800,7503,5267,625,277,6169,264389,15800,39.0
denver,"Denver, CO",636400,3071,3525,256,186,3967,169996,9995,39.7
washington-dc,"Washington, DC, DC",733400,4594,4062,383,214,4659,199675,11223,41.5
boston,"Boston, MA",722800,4447,4004,371,211,4585,196501,11330,40.5
nashville,"Nashville, TN",438800,2471,2431,206,128,2764,118476,7681,36.0
detroit,"Detroit, MI",95900,1415,531,118,28,677,29018,1985,34.1
portland,"Portland, OR",588200,5925,3258,494,172,3923,168144,9139,42.9
las-vegas,"Las Vegas, NV",458300,2229,2539,186,134,2858,122484,7915,36.1
atlanta,"Atlanta, GA",462200,4663,2560,389,135,3084,132152,7979,38.6
miami,"Miami, FL",598200,5120,3313,427,174,3915,167768,10495,37.3
minneapolis,"Minneapolis, MN",368300,4471,2040,373,107,2520,108001,6543,38.5
baltimore,"Baltimore, MD",247400,3468,1370,289,72,1732,74208,4642,37.3
pittsburgh,"Pittsburgh, PA",220400,1741,1221,145,64,1430,61293,3972,36.0
cleveland,"Cleveland, OH",109600,1695,607,141,32,780,33441,2340,33.4
louisville,"Louisville, KY",241700,2043,1339,170,70,1580,67694,4393,36.0
kansas-city,"Kansas City, MO",261600,2795,1449,233,76,1758,75353,4878,36.0
st-louis,"St. Louis, MO",214500,2195,1188,183,63,1434,61440,4085,35.1
salt-lake-city,"Salt Lake City, UT",620100,2847,3435,237,181,3853,165123,9732,39.6
raleigh,"Raleigh, NC",450300,3245,2494,270,131,2896,124114,7638,37.9
tampa,"Tampa, FL",494400,4031,2739,336,144,3219,137941,8796,36.6
orlando,"Orlando, FL",430200,3423,2383,285,125,2794,119727,7755,36.0
sacramento,"Sacramento, CA",515800,3898,2857,325,150,3332,142813,8165,40.8
honolulu,"Honolulu, HI",850100,2669,4709,222,248,5179,221961,12385,41.8
newark,"Newark, NJ",396600,6681,2197,557,116,2869,122966,7414,38.7
